[{"symbol":"ETHBTC","price":"0.02816100"},{"symbol":"LTCBTC","price":"0.00401800"},{"symbol":"BNBBTC","price":"0.00210440"},{"symbol":"NEOBTC","price":"0.00109600"},{"symbol":"QTUMETH","price":"0.00509200"},{"symbol":"EOSETH","price":"0.00651500"},{"symbol":"SNTETH","price":"0.00005501"},{"symbol":"BNTETH","price":"0.00155000"},{"symbol":"BCCBTC","price":"0.07908100"},{"symbol":"GASBTC","price":"0.00008990"},{"symbol":"BNBETH","price":"0.07470100"},{"symbol":"BTCUSDT","price":"13702.59000000"},{"symbol":"ETHUSDT","price":"385.87000000"},{"symbol":"HSRBTC","price":"0.00041400"},{"symbol":"OAXETH","price":"0.00017780"},{"symbol":"DNTETH","price":"0.00002801"},{"symbol":"MCOETH","price":"0.00588900"},{"symbol":"ICNETH","price":"0.00166300"},{"symbol":"MCOBTC","price":"0.00021140"},{"symbol":"WTCBTC","price":"0.00001910"},{"symbol":"WTCETH","price":"0.00068100"},{"symbol":"LRCBTC","price":"0.00000935"},{"symbol":"LRCETH","price":"0.00033306"},{"symbol":"QTUMBTC","price":"0.00014310"},{"symbol":"YOYOBTC","price":"0.00000052"},{"symbol":"OMGBTC","price":"0.00021270"},{"symbol":"OMGETH","price":"0.00756100"},{"symbol":"ZRXBTC","price":"0.00002402"},{"symbol":"ZRXETH","price":"0.00085777"},{"symbol":"STRATBTC","price":"0.00002900"},{"symbol":"STRATETH","price":"0.00102800"},{"symbol":"SNGLSBTC","price":"0.00000036"},{"symbol":"SNGLSETH","price":"0.00005306"},{"symbol":"BQXBTC","price":"0.00001144"},{"symbol":"BQXETH","price":"0.00040670"},{"symbol":"KNCBTC","price":"0.00005884"},{"symbol":"KNCETH","price":"0.00209610"},{"symbol":"FUNBTC","price":"0.00000023"},{"symbol":"FUNETH","price":"0.00000826"},{"symbol":"SNMBTC","price":"0.00000065"},{"symbol":"SNMETH","price":"0.00004986"},{"symbol":"NEOETH","price":"0.03890800"},{"symbol":"IOTABTC","price":"0.00001892"},{"symbol":"IOTAETH","price":"0.00067076"},{"symbol":"LINKBTC","price":"0.00081725"},{"symbol":"LINKETH","price":"0.02899000"},{"symbol":"XVGBTC","price":"0.00000028"},{"symbol":"XVGETH","price":"0.00000961"},{"symbol":"SALTBTC","price":"0.00004250"},{"symbol":"SALTETH","price":"0.00113800"},{"symbol":"MDABTC","price":"0.00003952"},{"symbol":"MDAETH","price":"0.00181150"},{"symbol":"MTLBTC","price":"0.00002037"},{"symbol":"MTLETH","price":"0.00072700"},{"symbol":"SUBBTC","price":"0.00000457"},{"symbol":"SUBETH","price":"0.00012334"},{"symbol":"EOSBTC","price":"0.00018340"},{"symbol":"SNTBTC","price":"0.00000155"},{"symbol":"ETCETH","price":"0.01367000"},{"symbol":"ETCBTC","price":"0.00038430"},{"symbol":"MTHBTC","price":"0.00000042"},{"symbol":"MTHETH","price":"0.00004135"},{"symbol":"ENGBTC","price":"0.00006200"},{"symbol":"ENGETH","price":"0.00186480"},{"symbol":"DNTBTC","price":"0.00000069"},{"symbol":"ZECBTC","price":"0.00426600"},{"symbol":"ZECETH","price":"0.15149000"},{"symbol":"BNTBTC","price":"0.00004360"},{"symbol":"ASTBTC","price":"0.00000860"},{"symbol":"ASTETH","price":"0.00006960"},{"symbol":"DASHBTC","price":"0.00509400"},{"symbol":"DASHETH","price":"0.18100000"},{"symbol":"OAXBTC","price":"0.00000384"},{"symbol":"ICNBTC","price":"0.00005742"},{"symbol":"BTGBTC","price":"0.00052100"},{"symbol":"BTGETH","price":"0.05274500"},{"symbol":"EVXBTC","price":"0.00001770"},{"symbol":"EVXETH","price":"0.00063530"},{"symbol":"REQBTC","price":"0.00000138"},{"symbol":"REQETH","price":"0.00004995"},{"symbol":"VIBBTC","price":"0.00000085"},{"symbol":"VIBETH","price":"0.00003033"},{"symbol":"HSRETH","price":"0.01247400"},{"symbol":"TRXBTC","price":"0.00000188"},{"symbol":"TRXETH","price":"0.00006656"},{"symbol":"POWRBTC","price":"0.00000553"},{"symbol":"POWRETH","price":"0.00019554"},{"symbol":"ARKBTC","price":"0.00002089"},{"symbol":"ARKETH","price":"0.00104600"},{"symbol":"YOYOETH","price":"0.00005828"},{"symbol":"XRPBTC","price":"0.00001745"},{"symbol":"XRPETH","price":"0.00062009"},{"symbol":"MODBTC","price":"0.00004280"},{"symbol":"MODETH","price":"0.00116700"},{"symbol":"ENJBTC","price":"0.00000940"},{"symbol":"ENJETH","price":"0.00033473"},{"symbol":"STORJBTC","price":"0.00002353"},{"symbol":"STORJETH","price":"0.00083910"},{"symbol":"BNBUSDT","price":"28.83940000"},{"symbol":"VENBNB","price":"0.14920000"},{"symbol":"YOYOBNB","price":"0.00059800"},{"symbol":"POWRBNB","price":"0.00385000"},{"symbol":"VENBTC","price":"0.00013928"},{"symbol":"VENETH","price":"0.00325194"},{"symbol":"KMDBTC","price":"0.00003270"},{"symbol":"KMDETH","price":"0.00115700"},{"symbol":"NULSBNB","price":"0.01257000"},{"symbol":"RCNBTC","price":"0.00000271"},{"symbol":"RCNETH","price":"0.00037604"},{"symbol":"RCNBNB","price":"0.00347300"},{"symbol":"NULSBTC","price":"0.00001486"},{"symbol":"NULSETH","price":"0.00052851"},{"symbol":"RDNBTC","price":"0.00001296"},{"symbol":"RDNETH","price":"0.00071530"},{"symbol":"RDNBNB","price":"0.00623000"},{"symbol":"XMRBTC","price":"0.00899600"},{"symbol":"XMRETH","price":"0.31922000"},{"symbol":"DLTBNB","price":"0.00240000"},{"symbol":"WTCBNB","price":"0.00908000"},{"symbol":"DLTBTC","price":"0.00000208"},{"symbol":"DLTETH","price":"0.00016807"},{"symbol":"AMBBTC","price":"0.00000096"},{"symbol":"AMBETH","price":"0.00004100"},{"symbol":"AMBBNB","price":"0.00068500"},{"symbol":"BCCETH","price":"2.47246000"},{"symbol":"BCCUSDT","price":"448.70000000"},{"symbol":"BCCBNB","price":"54.29000000"},{"symbol":"BATBTC","price":"0.00001372"},{"symbol":"BATETH","price":"0.00048755"},{"symbol":"BATBNB","price":"0.00651000"},{"symbol":"BCPTBTC","price":"0.00000111"},{"symbol":"BCPTETH","price":"0.00008181"},{"symbol":"BCPTBNB","price":"0.00116200"},{"symbol":"ARNBTC","price":"0.00000761"},{"symbol":"ARNETH","price":"0.00029362"},{"symbol":"GVTBTC","price":"0.00007880"},{"symbol":"GVTETH","price":"0.00384600"},{"symbol":"CDTBTC","price":"0.00000031"},{"symbol":"CDTETH","price":"0.00001101"},{"symbol":"GXSBTC","price":"0.00002613"},{"symbol":"GXSETH","price":"0.00092700"},{"symbol":"NEOUSDT","price":"15.00400000"},{"symbol":"NEOBNB","price":"0.52080000"},{"symbol":"POEBTC","price":"0.00000010"},{"symbol":"POEETH","price":"0.00000664"},{"symbol":"QSPBTC","price":"0.00000181"},{"symbol":"QSPETH","price":"0.00006490"},{"symbol":"QSPBNB","price":"0.00052350"},{"symbol":"BTSBTC","price":"0.00000124"},{"symbol":"BTSETH","price":"0.00009498"},{"symbol":"BTSBNB","price":"0.00144800"},{"symbol":"XZCBTC","price":"0.00024050"},{"symbol":"XZCETH","price":"0.00855400"},{"symbol":"XZCBNB","price":"0.26750000"},{"symbol":"LSKBTC","price":"0.00007640"},{"symbol":"LSKETH","price":"0.00272600"},{"symbol":"LSKBNB","price":"0.06494000"},{"symbol":"TNTBTC","price":"0.00000261"},{"symbol":"TNTETH","price":"0.00001530"},{"symbol":"FUELBTC","price":"0.00000026"},{"symbol":"FUELETH","price":"0.00002221"},{"symbol":"MANABTC","price":"0.00000468"},{"symbol":"MANAETH","price":"0.00016609"},{"symbol":"BCDBTC","price":"0.00003418"},{"symbol":"BCDETH","price":"0.00251000"},{"symbol":"DGDBTC","price":"0.00393100"},{"symbol":"DGDETH","price":"0.19260000"},{"symbol":"IOTABNB","price":"0.00900000"},{"symbol":"ADXBTC","price":"0.00001526"},{"symbol":"ADXETH","price":"0.00054500"},{"symbol":"ADXBNB","price":"0.00492900"},{"symbol":"ADABTC","price":"0.00000685"},{"symbol":"ADAETH","price":"0.00024302"},{"symbol":"PPTBTC","price":"0.00001487"},{"symbol":"PPTETH","price":"0.00141000"},{"symbol":"CMTBTC","price":"0.00000051"},{"symbol":"CMTETH","price":"0.00001779"},{"symbol":"CMTBNB","price":"0.00057700"},{"symbol":"XLMBTC","price":"0.00000566"},{"symbol":"XLMETH","price":"0.00020050"},{"symbol":"XLMBNB","price":"0.00268800"},{"symbol":"CNDBTC","price":"0.00000066"},{"symbol":"CNDETH","price":"0.00002599"},{"symbol":"CNDBNB","price":"0.00033990"},{"symbol":"LENDBTC","price":"0.00004512"},{"symbol":"LENDETH","price":"0.00137174"},{"symbol":"WABIBTC","price":"0.00000522"},{"symbol":"WABIETH","price":"0.00040308"},{"symbol":"WABIBNB","price":"0.00248400"},{"symbol":"LTCETH","price":"0.14287000"},{"symbol":"LTCUSDT","price":"55.03000000"},{"symbol":"LTCBNB","price":"1.91000000"},{"symbol":"TNBBTC","price":"0.00000013"},{"symbol":"TNBETH","price":"0.00000752"},{"symbol":"WAVESBTC","price":"0.00023470"},{"symbol":"WAVESETH","price":"0.00837400"},{"symbol":"WAVESBNB","price":"0.11188000"},{"symbol":"GTOBTC","price":"0.00000040"},{"symbol":"GTOETH","price":"0.00003197"},{"symbol":"GTOBNB","price":"0.00035200"},{"symbol":"ICXBTC","price":"0.00002393"},{"symbol":"ICXETH","price":"0.00085200"},{"symbol":"ICXBNB","price":"0.01143000"},{"symbol":"OSTBTC","price":"0.00000061"},{"symbol":"OSTETH","price":"0.00002170"},{"symbol":"OSTBNB","price":"0.00052500"},{"symbol":"ELFBTC","price":"0.00000631"},{"symbol":"ELFETH","price":"0.00022420"},{"symbol":"AIONBTC","price":"0.00000438"},{"symbol":"AIONETH","price":"0.00015600"},{"symbol":"AIONBNB","price":"0.00208500"},{"symbol":"NEBLBTC","price":"0.00002472"},{"symbol":"NEBLETH","price":"0.00088200"},{"symbol":"NEBLBNB","price":"0.01356000"},{"symbol":"BRDBTC","price":"0.00000454"},{"symbol":"BRDETH","price":"0.00016090"},{"symbol":"BRDBNB","price":"0.00216000"},{"symbol":"MCOBNB","price":"0.26837000"},{"symbol":"EDOBTC","price":"0.00005609"},{"symbol":"EDOETH","price":"0.00226600"},{"symbol":"WINGSBTC","price":"0.00001193"},{"symbol":"WINGSETH","price":"0.00033460"},{"symbol":"NAVBTC","price":"0.00000739"},{"symbol":"NAVETH","price":"0.00048700"},{"symbol":"NAVBNB","price":"0.00423700"},{"symbol":"LUNBTC","price":"0.00008510"},{"symbol":"LUNETH","price":"0.00489100"},{"symbol":"TRIGBTC","price":"0.00001980"},{"symbol":"TRIGETH","price":"0.00059400"},{"symbol":"TRIGBNB","price":"0.01218000"},{"symbol":"APPCBTC","price":"0.00000214"},{"symbol":"APPCETH","price":"0.00014600"},{"symbol":"APPCBNB","price":"0.00189100"},{"symbol":"VIBEBTC","price":"0.00000084"},{"symbol":"VIBEETH","price":"0.00005720"},{"symbol":"RLCBTC","price":"0.00005645"},{"symbol":"RLCETH","price":"0.00200600"},{"symbol":"RLCBNB","price":"0.02703000"},{"symbol":"INSBTC","price":"0.00000618"},{"symbol":"INSETH","price":"0.00050100"},{"symbol":"PIVXBTC","price":"0.00002238"},{"symbol":"PIVXETH","price":"0.00079500"},{"symbol":"PIVXBNB","price":"0.01660000"},{"symbol":"IOSTBTC","price":"0.00000035"},{"symbol":"IOSTETH","price":"0.00001274"},{"symbol":"CHATBTC","price":"0.00000195"},{"symbol":"CHATETH","price":"0.00006585"},{"symbol":"STEEMBTC","price":"0.00001075"},{"symbol":"STEEMETH","price":"0.00038100"},{"symbol":"STEEMBNB","price":"0.00510000"},{"symbol":"NANOBTC","price":"0.00005390"},{"symbol":"NANOETH","price":"0.00191800"},{"symbol":"NANOBNB","price":"0.05589000"},{"symbol":"VIABTC","price":"0.00001225"},{"symbol":"VIAETH","price":"0.00085600"},{"symbol":"VIABNB","price":"0.00958000"},{"symbol":"BLZBTC","price":"0.00000463"},{"symbol":"BLZETH","price":"0.00016442"},{"symbol":"BLZBNB","price":"0.00219900"},{"symbol":"AEBTC","price":"0.00000698"},{"symbol":"AEETH","price":"0.00024700"},{"symbol":"AEBNB","price":"0.00777000"},{"symbol":"RPXBTC","price":"0.00000224"},{"symbol":"RPXETH","price":"0.00005449"},{"symbol":"RPXBNB","price":"0.00145700"},{"symbol":"NCASHBTC","price":"0.00000005"},{"symbol":"NCASHETH","price":"0.00000117"},{"symbol":"NCASHBNB","price":"0.00006790"},{"symbol":"POABTC","price":"0.00000110"},{"symbol":"POAETH","price":"0.00004891"},{"symbol":"POABNB","price":"0.00092100"},{"symbol":"ZILBTC","price":"0.00000129"},{"symbol":"ZILETH","price":"0.00004554"},{"symbol":"ZILBNB","price":"0.00060710"},{"symbol":"ONTBTC","price":"0.00003290"},{"symbol":"ONTETH","price":"0.00116900"},{"symbol":"ONTBNB","price":"0.01565000"},{"symbol":"STORMBTC","price":"0.00000035"},{"symbol":"STORMETH","price":"0.00001398"},{"symbol":"STORMBNB","price":"0.00006550"},{"symbol":"QTUMBNB","price":"0.09597000"},{"symbol":"QTUMUSDT","price":"1.96000000"},{"symbol":"XEMBTC","price":"0.00000704"},{"symbol":"XEMETH","price":"0.00025100"},{"symbol":"XEMBNB","price":"0.00244100"},{"symbol":"WANBTC","price":"0.00001839"},{"symbol":"WANETH","price":"0.00065300"},{"symbol":"WANBNB","price":"0.00874000"},{"symbol":"WPRBTC","price":"0.00000039"},{"symbol":"WPRETH","price":"0.00004020"},{"symbol":"QLCBTC","price":"0.00000100"},{"symbol":"QLCETH","price":"0.00003577"},{"symbol":"SYSBTC","price":"0.00000297"},{"symbol":"SYSETH","price":"0.00011047"},{"symbol":"SYSBNB","price":"0.00163500"},{"symbol":"QLCBNB","price":"0.00092200"},{"symbol":"GRSBTC","price":"0.00001248"},{"symbol":"GRSETH","price":"0.00076455"},{"symbol":"ADAUSDT","price":"0.09377000"},{"symbol":"ADABNB","price":"0.00325000"},{"symbol":"CLOAKBTC","price":"0.00015550"},{"symbol":"CLOAKETH","price":"0.00414200"},{"symbol":"GNTBTC","price":"0.00000572"},{"symbol":"GNTETH","price":"0.00020402"},{"symbol":"GNTBNB","price":"0.00243900"},{"symbol":"LOOMBTC","price":"0.00000126"},{"symbol":"LOOMETH","price":"0.00004470"},{"symbol":"LOOMBNB","price":"0.00088500"},{"symbol":"XRPUSDT","price":"0.23913000"},{"symbol":"BCNBTC","price":"0.00000022"},{"symbol":"BCNETH","price":"0.00000707"},{"symbol":"BCNBNB","price":"0.00002000"},{"symbol":"REPBTC","price":"0.00092300"},{"symbol":"REPETH","price":"0.03294000"},{"symbol":"REPBNB","price":"0.44670000"},{"symbol":"BTCTUSD","price":"13691.53000000"},{"symbol":"TUSDBTC","price":"0.00025971"},{"symbol":"ETHTUSD","price":"385.75000000"},{"symbol":"TUSDETH","price":"0.00762097"},{"symbol":"TUSDBNB","price":"0.06777000"},{"symbol":"ZENBTC","price":"0.00039390"},{"symbol":"ZENETH","price":"0.01400000"},{"symbol":"ZENBNB","price":"0.18880000"},{"symbol":"SKYBTC","price":"0.00003119"},{"symbol":"SKYETH","price":"0.00222000"},{"symbol":"SKYBNB","price":"0.03022000"},{"symbol":"EOSUSDT","price":"2.51420000"},{"symbol":"EOSBNB","price":"0.08720000"},{"symbol":"CVCBTC","price":"0.00000186"},{"symbol":"CVCETH","price":"0.00006652"},{"symbol":"CVCBNB","price":"0.00211200"},{"symbol":"THETABTC","price":"0.00004425"},{"symbol":"THETAETH","price":"0.00157800"},{"symbol":"THETABNB","price":"0.02106600"},{"symbol":"XRPBNB","price":"0.00829000"},{"symbol":"TUSDUSDT","price":"0.99940000"},{"symbol":"IOTAUSDT","price":"0.25920000"},{"symbol":"XLMUSDT","price":"0.07750000"},{"symbol":"IOTXBTC","price":"0.00000054"},{"symbol":"IOTXETH","price":"0.00001934"},{"symbol":"QKCBTC","price":"0.00000032"},{"symbol":"QKCETH","price":"0.00001142"},{"symbol":"AGIBTC","price":"0.00000268"},{"symbol":"AGIETH","price":"0.00007363"},{"symbol":"AGIBNB","price":"0.00077200"},{"symbol":"NXSBTC","price":"0.00001384"},{"symbol":"NXSETH","price":"0.00077300"},{"symbol":"NXSBNB","price":"0.01087000"},{"symbol":"ENJBNB","price":"0.00448300"},{"symbol":"DATABTC","price":"0.00000275"},{"symbol":"DATAETH","price":"0.00009792"},{"symbol":"ONTUSDT","price":"0.45130000"},{"symbol":"TRXBNB","price":"0.00089100"},{"symbol":"TRXUSDT","price":"0.02569000"},{"symbol":"ETCUSDT","price":"5.26840000"},{"symbol":"ETCBNB","price":"0.18290000"},{"symbol":"ICXUSDT","price":"0.32810000"},{"symbol":"SCBTC","price":"0.00000019"},{"symbol":"SCETH","price":"0.00000646"},{"symbol":"SCBNB","price":"0.00008670"},{"symbol":"NPXSBTC","price":"0.00000003"},{"symbol":"NPXSETH","price":"0.00000040"},{"symbol":"VENUSDT","price":"0.00010000"},{"symbol":"KEYBTC","price":"0.00000013"},{"symbol":"KEYETH","price":"0.00000586"},{"symbol":"NASBTC","price":"0.00002010"},{"symbol":"NASETH","price":"0.00071300"},{"symbol":"NASBNB","price":"0.02337000"},{"symbol":"MFTBTC","price":"0.00000008"},{"symbol":"MFTETH","price":"0.00000471"},{"symbol":"MFTBNB","price":"0.00006310"},{"symbol":"DENTBTC","price":"0.00000004"},{"symbol":"DENTETH","price":"0.00000051"},{"symbol":"ARDRBTC","price":"0.00000346"},{"symbol":"ARDRETH","price":"0.00018870"},{"symbol":"ARDRBNB","price":"0.00316800"},{"symbol":"NULSUSDT","price":"0.20310000"},{"symbol":"HOTBTC","price":"0.00000003"},{"symbol":"HOTETH","price":"0.00000116"},{"symbol":"VETBTC","price":"0.00000075"},{"symbol":"VETETH","price":"0.00002636"},{"symbol":"VETUSDT","price":"0.01015200"},{"symbol":"VETBNB","price":"0.00035260"},{"symbol":"DOCKBTC","price":"0.00000063"},{"symbol":"DOCKETH","price":"0.00003283"},{"symbol":"POLYBTC","price":"0.00000315"},{"symbol":"POLYBNB","price":"0.00145900"},{"symbol":"PHXBTC","price":"0.00000180"},{"symbol":"PHXETH","price":"0.00005617"},{"symbol":"PHXBNB","price":"0.00045600"},{"symbol":"HCBTC","price":"0.00006940"},{"symbol":"HCETH","price":"0.00513400"},{"symbol":"GOBTC","price":"0.00000042"},{"symbol":"GOBNB","price":"0.00069230"},{"symbol":"PAXBTC","price":"0.00025175"},{"symbol":"PAXBNB","price":"0.20121000"},{"symbol":"PAXUSDT","price":"0.99940000"},{"symbol":"PAXETH","price":"0.00888047"},{"symbol":"RVNBTC","price":"0.00000083"},{"symbol":"RVNBNB","price":"0.00039000"},{"symbol":"DCRBTC","price":"0.00089000"},{"symbol":"DCRBNB","price":"0.78100000"},{"symbol":"USDCBNB","price":"0.21755000"},{"symbol":"MITHBTC","price":"0.00000030"},{"symbol":"MITHBNB","price":"0.00014400"},{"symbol":"BCHABCBTC","price":"0.02933000"},{"symbol":"BCHSVBTC","price":"0.01117900"},{"symbol":"BCHABCUSDT","price":"220.08000000"},{"symbol":"BCHSVUSDT","price":"58.90000000"},{"symbol":"BNBPAX","price":"28.86240000"},{"symbol":"BTCPAX","price":"13705.05000000"},{"symbol":"ETHPAX","price":"386.24000000"},{"symbol":"XRPPAX","price":"0.24006000"},{"symbol":"EOSPAX","price":"2.58450000"},{"symbol":"XLMPAX","price":"0.04221000"},{"symbol":"RENBTC","price":"0.00001940"},{"symbol":"RENBNB","price":"0.00458500"},{"symbol":"BNBTUSD","price":"28.77100000"},{"symbol":"XRPTUSD","price":"0.23980000"},{"symbol":"EOSTUSD","price":"2.51520000"},{"symbol":"XLMTUSD","price":"0.06833000"},{"symbol":"BNBUSDC","price":"28.81960000"},{"symbol":"BTCUSDC","price":"13699.61000000"},{"symbol":"ETHUSDC","price":"385.96000000"},{"symbol":"XRPUSDC","price":"0.23936000"},{"symbol":"EOSUSDC","price":"2.51660000"},{"symbol":"XLMUSDC","price":"0.04970000"},{"symbol":"USDCUSDT","price":"0.99930000"},{"symbol":"ADATUSD","price":"0.09343000"},{"symbol":"TRXTUSD","price":"0.02570000"},{"symbol":"NEOTUSD","price":"11.81800000"},{"symbol":"TRXXRP","price":"0.10742000"},{"symbol":"XZCXRP","price":"20.79200000"},{"symbol":"PAXTUSD","price":"0.99950000"},{"symbol":"USDCTUSD","price":"1.00000000"},{"symbol":"USDCPAX","price":"1.00020000"},{"symbol":"LINKUSDT","price":"11.19850000"},{"symbol":"LINKTUSD","price":"11.09190000"},{"symbol":"LINKPAX","price":"3.98340000"},{"symbol":"LINKUSDC","price":"11.18740000"},{"symbol":"WAVESUSDT","price":"3.22000000"},{"symbol":"WAVESTUSD","price":"1.07200000"},{"symbol":"WAVESPAX","price":"0.80290000"},{"symbol":"WAVESUSDC","price":"1.20360000"},{"symbol":"BCHABCTUSD","price":"220.20000000"},{"symbol":"BCHABCPAX","price":"221.20000000"},{"symbol":"BCHABCUSDC","price":"220.30000000"},{"symbol":"BCHSVTUSD","price":"59.17000000"},{"symbol":"BCHSVPAX","price":"58.18000000"},{"symbol":"BCHSVUSDC","price":"57.50000000"},{"symbol":"LTCTUSD","price":"54.99000000"},{"symbol":"LTCPAX","price":"55.04000000"},{"symbol":"LTCUSDC","price":"55.17000000"},{"symbol":"TRXPAX","price":"0.02572000"},{"symbol":"TRXUSDC","price":"0.02572000"},{"symbol":"BTTBTC","price":"0.00000005"},{"symbol":"BTTBNB","price":"0.00001019"},{"symbol":"BTTUSDT","price":"0.00029350"},{"symbol":"BNBUSDS","price":"22.27880000"},{"symbol":"BTCUSDS","price":"9604.59000000"},{"symbol":"USDSUSDT","price":"0.99680000"},{"symbol":"USDSPAX","price":"1.00020000"},{"symbol":"USDSTUSD","price":"1.00000000"},{"symbol":"USDSUSDC","price":"1.00000000"},{"symbol":"BTTPAX","price":"0.00038660"},{"symbol":"BTTTUSD","price":"0.00029380"},{"symbol":"BTTUSDC","price":"0.00029390"},{"symbol":"ONGBNB","price":"0.00545000"},{"symbol":"ONGBTC","price":"0.00000765"},{"symbol":"ONGUSDT","price":"0.10490000"},{"symbol":"HOTBNB","price":"0.00001566"},{"symbol":"HOTUSDT","price":"0.00044920"},{"symbol":"ZILUSDT","price":"0.01755000"},{"symbol":"ZRXBNB","price":"0.01138000"},{"symbol":"ZRXUSDT","price":"0.32960000"},{"symbol":"FETBNB","price":"0.00158100"},{"symbol":"FETBTC","price":"0.00000333"},{"symbol":"FETUSDT","price":"0.04558000"},{"symbol":"BATUSDT","price":"0.18770000"},{"symbol":"XMRBNB","price":"4.28200000"},{"symbol":"XMRUSDT","price":"123.28000000"},{"symbol":"ZECBNB","price":"2.02700000"},{"symbol":"ZECUSDT","price":"58.44000000"},{"symbol":"ZECPAX","price":"42.10000000"},{"symbol":"ZECTUSD","price":"51.48000000"},{"symbol":"ZECUSDC","price":"58.71000000"},{"symbol":"IOSTBNB","price":"0.00017110"},{"symbol":"IOSTUSDT","price":"0.00492100"},{"symbol":"CELRBNB","price":"0.00012120"},{"symbol":"CELRBTC","price":"0.00000025"},{"symbol":"CELRUSDT","price":"0.00349000"},{"symbol":"ADAPAX","price":"0.03257000"},{"symbol":"ADAUSDC","price":"0.09385000"},{"symbol":"NEOPAX","price":"11.12200000"},{"symbol":"NEOUSDC","price":"14.95000000"},{"symbol":"DASHBNB","price":"2.42300000"},{"symbol":"DASHUSDT","price":"69.74000000"},{"symbol":"NANOUSDT","price":"0.73930000"},{"symbol":"OMGBNB","price":"0.03938000"},{"symbol":"OMGUSDT","price":"2.91480000"},{"symbol":"THETAUSDT","price":"0.60629000"},{"symbol":"ENJUSDT","price":"0.12886000"},{"symbol":"MITHUSDT","price":"0.00415000"},{"symbol":"MATICBNB","price":"0.00048750"},{"symbol":"MATICBTC","price":"0.00000102"},{"symbol":"MATICUSDT","price":"0.01409000"},{"symbol":"ATOMBNB","price":"0.16490000"},{"symbol":"ATOMBTC","price":"0.00034660"},{"symbol":"ATOMUSDT","price":"4.74600000"},{"symbol":"ATOMUSDC","price":"4.77100000"},{"symbol":"ATOMPAX","price":"3.17800000"},{"symbol":"ATOMTUSD","price":"2.59800000"},{"symbol":"ETCUSDC","price":"4.71000000"},{"symbol":"ETCPAX","price":"4.83800000"},{"symbol":"ETCTUSD","price":"3.79500000"},{"symbol":"BATUSDC","price":"0.18780000"},{"symbol":"BATPAX","price":"0.25560000"},{"symbol":"BATTUSD","price":"0.22220000"},{"symbol":"PHBBNB","price":"0.00013700"},{"symbol":"PHBBTC","price":"0.00000019"},{"symbol":"PHBUSDC","price":"0.00587000"},{"symbol":"PHBTUSD","price":"0.00270000"},{"symbol":"PHBPAX","price":"0.00639000"},{"symbol":"TFUELBNB","price":"0.00012590"},{"symbol":"TFUELBTC","price":"0.00000068"},{"symbol":"TFUELUSDT","price":"0.00928000"},{"symbol":"TFUELUSDC","price":"0.00356500"},{"symbol":"TFUELTUSD","price":"0.00307700"},{"symbol":"TFUELPAX","price":"0.00348700"},{"symbol":"ONEBNB","price":"0.00014730"},{"symbol":"ONEBTC","price":"0.00000030"},{"symbol":"ONEUSDT","price":"0.00425000"},{"symbol":"ONETUSD","price":"0.00472000"},{"symbol":"ONEPAX","price":"0.00496000"},{"symbol":"ONEUSDC","price":"0.00421000"},{"symbol":"FTMBNB","price":"0.00061600"},{"symbol":"FTMBTC","price":"0.00000130"},{"symbol":"FTMUSDT","price":"0.01778000"},{"symbol":"FTMTUSD","price":"0.01095000"},{"symbol":"FTMPAX","price":"0.01028000"},{"symbol":"FTMUSDC","price":"0.01107000"},{"symbol":"BTCBBTC","price":"1.00000000"},{"symbol":"BCPTTUSD","price":"0.02606000"},{"symbol":"BCPTPAX","price":"0.02761000"},{"symbol":"BCPTUSDC","price":"0.02728000"},{"symbol":"ALGOBNB","price":"0.00904000"},{"symbol":"ALGOBTC","price":"0.00001901"},{"symbol":"ALGOUSDT","price":"0.26030000"},{"symbol":"ALGOTUSD","price":"0.26040000"},{"symbol":"ALGOPAX","price":"0.20390000"},{"symbol":"ALGOUSDC","price":"0.23800000"},{"symbol":"USDSBUSDT","price":"0.99970000"},{"symbol":"USDSBUSDS","price":"0.99990000"},{"symbol":"GTOUSDT","price":"0.00541000"},{"symbol":"GTOPAX","price":"0.01361000"},{"symbol":"GTOTUSD","price":"0.01236000"},{"symbol":"GTOUSDC","price":"0.01196000"},{"symbol":"ERDBNB","price":"0.00083273"},{"symbol":"ERDBTC","price":"0.00000168"},{"symbol":"ERDUSDT","price":"0.01971000"},{"symbol":"ERDPAX","price":"0.00125270"},{"symbol":"ERDUSDC","price":"0.00135730"},{"symbol":"DOGEBNB","price":"0.00015270"},{"symbol":"DOGEBTC","price":"0.00000018"},{"symbol":"DOGEUSDT","price":"0.00259430"},{"symbol":"DOGEPAX","price":"0.00216820"},{"symbol":"DOGEUSDC","price":"0.00212770"},{"symbol":"DUSKBNB","price":"0.00118000"},{"symbol":"DUSKBTC","price":"0.00000364"},{"symbol":"DUSKUSDT","price":"0.04970000"},{"symbol":"DUSKUSDC","price":"0.01790000"},{"symbol":"DUSKPAX","price":"0.01890000"},{"symbol":"BGBPUSDC","price":"1.30650000"},{"symbol":"ANKRBNB","price":"0.00024320"},{"symbol":"ANKRBTC","price":"0.00000051"},{"symbol":"ANKRUSDT","price":"0.00703800"},{"symbol":"ANKRTUSD","price":"0.00212800"},{"symbol":"ANKRPAX","price":"0.00209300"},{"symbol":"ANKRUSDC","price":"0.00209700"},{"symbol":"ONTPAX","price":"0.84510000"},{"symbol":"ONTUSDC","price":"0.57080000"},{"symbol":"WINBNB","price":"0.00000279"},{"symbol":"WINBTC","price":"0.00000001"},{"symbol":"WINUSDT","price":"0.00008020"},{"symbol":"WINUSDC","price":"0.00008050"},{"symbol":"COSBNB","price":"0.00020400"},{"symbol":"COSBTC","price":"0.00000043"},{"symbol":"COSUSDT","price":"0.00588000"},{"symbol":"TUSDBTUSD","price":"0.99750000"},{"symbol":"NPXSUSDT","price":"0.00015180"},{"symbol":"NPXSUSDC","price":"0.00017020"},{"symbol":"COCOSBNB","price":"0.00000930"},{"symbol":"COCOSBTC","price":"0.00000003"},{"symbol":"COCOSUSDT","price":"0.00027200"},{"symbol":"MTLUSDT","price":"0.28060000"},{"symbol":"TOMOBNB","price":"0.01987000"},{"symbol":"TOMOBTC","price":"0.00004185"},{"symbol":"TOMOUSDT","price":"0.57220000"},{"symbol":"TOMOUSDC","price":"0.36700000"},{"symbol":"PERLBNB","price":"0.00059800"},{"symbol":"PERLBTC","price":"0.00000126"},{"symbol":"PERLUSDC","price":"0.02447000"},{"symbol":"PERLUSDT","price":"0.01736000"},{"symbol":"DENTUSDT","price":"0.00019520"},{"symbol":"MFTUSDT","price":"0.00181300"},{"symbol":"KEYUSDT","price":"0.00226200"},{"symbol":"STORMUSDT","price":"0.00339700"},{"symbol":"DOCKUSDT","price":"0.00862100"},{"symbol":"WANUSDT","price":"0.25180000"},{"symbol":"FUNUSDT","price":"0.00318900"},{"symbol":"CVCUSDT","price":"0.02545000"},{"symbol":"BTTTRX","price":"0.01143000"},{"symbol":"WINTRX","price":"0.00312000"},{"symbol":"CHZBNB","price":"0.00033150"},{"symbol":"CHZBTC","price":"0.00000069"},{"symbol":"CHZUSDT","price":"0.00946300"},{"symbol":"BANDBNB","price":"0.15059000"},{"symbol":"BANDBTC","price":"0.00031648"},{"symbol":"BANDUSDT","price":"4.33500000"},{"symbol":"BNBBUSD","price":"28.84890000"},{"symbol":"BTCBUSD","price":"13712.70000000"},{"symbol":"BUSDUSDT","price":"0.99930000"},{"symbol":"BEAMBNB","price":"0.02177000"},{"symbol":"BEAMBTC","price":"0.00001740"},{"symbol":"BEAMUSDT","price":"0.23910000"},{"symbol":"XTZBNB","price":"0.06630000"},{"symbol":"XTZBTC","price":"0.00013960"},{"symbol":"XTZUSDT","price":"1.91400000"},{"symbol":"RENUSDT","price":"0.26572000"},{"symbol":"RVNUSDT","price":"0.01128000"},{"symbol":"HCUSDT","price":"0.94990000"},{"symbol":"HBARBNB","price":"0.00104300"},{"symbol":"HBARBTC","price":"0.00000218"},{"symbol":"HBARUSDT","price":"0.02973000"},{"symbol":"NKNBNB","price":"0.00063400"},{"symbol":"NKNBTC","price":"0.00000132"},{"symbol":"NKNUSDT","price":"0.01823000"},{"symbol":"XRPBUSD","price":"0.23933000"},{"symbol":"ETHBUSD","price":"386.08000000"},{"symbol":"BCHABCBUSD","price":"220.16000000"},{"symbol":"LTCBUSD","price":"55.06000000"},{"symbol":"LINKBUSD","price":"11.19100000"},{"symbol":"ETCBUSD","price":"5.27020000"},{"symbol":"STXBNB","price":"0.00577000"},{"symbol":"STXBTC","price":"0.00001217"},{"symbol":"STXUSDT","price":"0.16700000"},{"symbol":"KAVABNB","price":"0.05436000"},{"symbol":"KAVABTC","price":"0.00011422"},{"symbol":"KAVAUSDT","price":"1.56650000"},{"symbol":"BUSDNGN","price":"465.00000000"},{"symbol":"BNBNGN","price":"13386.00000000"},{"symbol":"BTCNGN","price":"6363379.00000000"},{"symbol":"ARPABNB","price":"0.00046800"},{"symbol":"ARPABTC","price":"0.00000099"},{"symbol":"ARPAUSDT","price":"0.01345000"},{"symbol":"TRXBUSD","price":"0.02571000"},{"symbol":"EOSBUSD","price":"2.51690000"},{"symbol":"IOTXUSDT","price":"0.00745000"},{"symbol":"RLCUSDT","price":"0.77200000"},{"symbol":"MCOUSDT","price":"2.74400000"},{"symbol":"XLMBUSD","price":"0.07750000"},{"symbol":"ADABUSD","price":"0.09384000"},{"symbol":"CTXCBNB","price":"0.00412200"},{"symbol":"CTXCBTC","price":"0.00000566"},{"symbol":"CTXCUSDT","price":"0.07740000"},{"symbol":"BCHBNB","price":"9.12600000"},{"symbol":"BCHBTC","price":"0.01923500"},{"symbol":"BCHUSDT","price":"263.41000000"},{"symbol":"BCHUSDC","price":"263.23000000"},{"symbol":"BCHTUSD","price":"263.89000000"},{"symbol":"BCHPAX","price":"262.75000000"},{"symbol":"BCHBUSD","price":"263.55000000"},{"symbol":"BTCRUB","price":"1083628.00000000"},{"symbol":"ETHRUB","price":"30500.00000000"},{"symbol":"XRPRUB","price":"18.93800000"},{"symbol":"BNBRUB","price":"2279.72000000"},{"symbol":"TROYBNB","price":"0.00009110"},{"symbol":"TROYBTC","price":"0.00000019"},{"symbol":"TROYUSDT","price":"0.00261800"},{"symbol":"BUSDRUB","price":"79.14300000"},{"symbol":"QTUMBUSD","price":"1.96100000"},{"symbol":"VETBUSD","price":"0.01017600"},{"symbol":"VITEBNB","price":"0.00070700"},{"symbol":"VITEBTC","price":"0.00000114"},{"symbol":"VITEUSDT","price":"0.01565000"},{"symbol":"FTTBNB","price":"0.13100000"},{"symbol":"FTTBTC","price":"0.00027520"},{"symbol":"FTTUSDT","price":"3.77000000"},{"symbol":"BTCTRY","price":"114642.00000000"},{"symbol":"BNBTRY","price":"241.45000000"},{"symbol":"BUSDTRY","price":"8.37200000"},{"symbol":"ETHTRY","price":"3231.21000000"},{"symbol":"XRPTRY","price":"2.00600000"},{"symbol":"USDTTRY","price":"8.37100000"},{"symbol":"USDTRUB","price":"79.10700000"},{"symbol":"BTCEUR","price":"11775.44000000"},{"symbol":"ETHEUR","price":"331.51000000"},{"symbol":"BNBEUR","price":"24.75820000"},{"symbol":"XRPEUR","price":"0.20552000"},{"symbol":"EURBUSD","price":"1.16440000"},{"symbol":"EURUSDT","price":"1.16390000"},{"symbol":"OGNBNB","price":"0.00487000"},{"symbol":"OGNBTC","price":"0.00001022"},{"symbol":"OGNUSDT","price":"0.14010000"},{"symbol":"DREPBNB","price":"0.00009380"},{"symbol":"DREPBTC","price":"0.00000024"},{"symbol":"DREPUSDT","price":"0.00323500"},{"symbol":"BULLUSDT","price":"1370.28000000"},{"symbol":"BULLBUSD","price":"1368.56000000"},{"symbol":"BEARUSDT","price":"11.16000000"},{"symbol":"BEARBUSD","price":"11.14000000"},{"symbol":"ETHBULLUSDT","price":"79.18000000"},{"symbol":"ETHBULLBUSD","price":"78.46000000"},{"symbol":"ETHBEARUSDT","price":"12.20000000"},{"symbol":"ETHBEARBUSD","price":"12.24000000"},{"symbol":"TCTBNB","price":"0.00041860"},{"symbol":"TCTBTC","price":"0.00000048"},{"symbol":"TCTUSDT","price":"0.00648400"},{"symbol":"WRXBNB","price":"0.00283400"},{"symbol":"WRXBTC","price":"0.00000595"},{"symbol":"WRXUSDT","price":"0.08143000"},{"symbol":"ICXBUSD","price":"0.32890000"},{"symbol":"BTSUSDT","price":"0.01690000"},{"symbol":"BTSBUSD","price":"0.01930000"},{"symbol":"LSKUSDT","price":"1.04660000"},{"symbol":"BNTUSDT","price":"0.59650000"},{"symbol":"BNTBUSD","price":"0.59680000"},{"symbol":"LTOBNB","price":"0.00248000"},{"symbol":"LTOBTC","price":"0.00000416"},{"symbol":"LTOUSDT","price":"0.05712000"},{"symbol":"ATOMBUSD","price":"4.74200000"},{"symbol":"DASHBUSD","price":"70.23000000"},{"symbol":"NEOBUSD","price":"15.03400000"},{"symbol":"WAVESBUSD","price":"3.22990000"},{"symbol":"XTZBUSD","price":"1.91270000"},{"symbol":"EOSBULLUSDT","price":"3.85000000"},{"symbol":"EOSBULLBUSD","price":"3.90000000"},{"symbol":"EOSBEARUSDT","price":"30.21000000"},{"symbol":"EOSBEARBUSD","price":"29.81000000"},{"symbol":"XRPBULLUSDT","price":"8.74000000"},{"symbol":"XRPBULLBUSD","price":"8.78000000"},{"symbol":"XRPBEARUSDT","price":"548.55000000"},{"symbol":"XRPBEARBUSD","price":"547.33000000"},{"symbol":"BATBUSD","price":"0.18790000"},{"symbol":"ENJBUSD","price":"0.12909000"},{"symbol":"NANOBUSD","price":"0.73370000"},{"symbol":"ONTBUSD","price":"0.45190000"},{"symbol":"RVNBUSD","price":"0.01121000"},{"symbol":"STRATBUSD","price":"0.39790000"},{"symbol":"STRATBNB","price":"0.01900000"},{"symbol":"STRATUSDT","price":"0.39600000"},{"symbol":"AIONBUSD","price":"0.06030000"},{"symbol":"AIONUSDT","price":"0.06030000"},{"symbol":"MBLBNB","price":"0.00004760"},{"symbol":"MBLBTC","price":"0.00000010"},{"symbol":"MBLUSDT","price":"0.00136700"},{"symbol":"COTIBNB","price":"0.00099000"},{"symbol":"COTIBTC","price":"0.00000208"},{"symbol":"COTIUSDT","price":"0.02852000"},{"symbol":"ALGOBUSD","price":"0.26070000"},{"symbol":"BTTBUSD","price":"0.00029380"},{"symbol":"TOMOBUSD","price":"0.57600000"},{"symbol":"XMRBUSD","price":"123.49000000"},{"symbol":"ZECBUSD","price":"58.72000000"},{"symbol":"BNBBULLUSDT","price":"57.21000000"},{"symbol":"BNBBULLBUSD","price":"58.37000000"},{"symbol":"BNBBEARUSDT","price":"58.61000000"},{"symbol":"BNBBEARBUSD","price":"57.21000000"},{"symbol":"STPTBNB","price":"0.00067000"},{"symbol":"STPTBTC","price":"0.00000109"},{"symbol":"STPTUSDT","price":"0.01482000"},{"symbol":"BTCZAR","price":"229558.00000000"},{"symbol":"ETHZAR","price":"6453.10000000"},{"symbol":"BNBZAR","price":"481.11000000"},{"symbol":"USDTZAR","price":"16.75600000"},{"symbol":"BUSDZAR","price":"16.73300000"},{"symbol":"BTCBKRW","price":"15464501.00000000"},{"symbol":"ETHBKRW","price":"435082.00000000"},{"symbol":"BNBBKRW","price":"32533.00000000"},{"symbol":"WTCUSDT","price":"0.26010000"},{"symbol":"DATABUSD","price":"0.03750000"},{"symbol":"DATAUSDT","price":"0.03766000"},{"symbol":"XZCUSDT","price":"3.28000000"},{"symbol":"SOLBNB","price":"0.05078000"},{"symbol":"SOLBTC","price":"0.00010671"},{"symbol":"SOLUSDT","price":"1.46200000"},{"symbol":"SOLBUSD","price":"1.46380000"},{"symbol":"BTCIDRT","price":"200806019.00"},{"symbol":"BNBIDRT","price":"421606.00"},{"symbol":"USDTIDRT","price":"14650.00"},{"symbol":"BUSDIDRT","price":"14660.00"},{"symbol":"CTSIBTC","price":"0.00000215"},{"symbol":"CTSIUSDT","price":"0.02964000"},{"symbol":"CTSIBNB","price":"0.00102700"},{"symbol":"CTSIBUSD","price":"0.02962000"},{"symbol":"HIVEBNB","price":"0.00403000"},{"symbol":"HIVEBTC","price":"0.00000844"},{"symbol":"HIVEUSDT","price":"0.11560000"},{"symbol":"CHRBNB","price":"0.00080100"},{"symbol":"CHRBTC","price":"0.00000168"},{"symbol":"CHRUSDT","price":"0.02307000"},{"symbol":"BTCUPUSDT","price":"16.69000000"},{"symbol":"BTCDOWNUSDT","price":"3.30700000"},{"symbol":"GXSUSDT","price":"0.35790000"},{"symbol":"ARDRUSDT","price":"0.04746000"},{"symbol":"ERDBUSD","price":"0.01966100"},{"symbol":"LENDUSDT","price":"0.51431000"},{"symbol":"HBARBUSD","price":"0.02979000"},{"symbol":"MATICBUSD","price":"0.01403000"},{"symbol":"WRXBUSD","price":"0.08173000"},{"symbol":"ZILBUSD","price":"0.01752000"},{"symbol":"MDTBNB","price":"0.00040560"},{"symbol":"MDTBTC","price":"0.00000085"},{"symbol":"MDTUSDT","price":"0.01149000"},{"symbol":"STMXBNB","price":"0.00006650"},{"symbol":"STMXBTC","price":"0.00000013"},{"symbol":"STMXETH","price":"0.00000496"},{"symbol":"STMXUSDT","price":"0.00191600"},{"symbol":"KNCBUSD","price":"0.80700000"},{"symbol":"KNCUSDT","price":"0.80600000"},{"symbol":"REPBUSD","price":"13.67300000"},{"symbol":"REPUSDT","price":"12.67400000"},{"symbol":"LRCBUSD","price":"0.12765000"},{"symbol":"LRCUSDT","price":"0.12796000"},{"symbol":"IQBNB","price":"0.00007430"},{"symbol":"IQBUSD","price":"0.00214600"},{"symbol":"PNTBTC","price":"0.00002965"},{"symbol":"PNTUSDT","price":"0.40530000"},{"symbol":"BTCGBP","price":"10626.72000000"},{"symbol":"ETHGBP","price":"300.66000000"},{"symbol":"XRPGBP","price":"0.18635000"},{"symbol":"BNBGBP","price":"22.36600000"},{"symbol":"GBPBUSD","price":"1.28930000"},{"symbol":"DGBBNB","price":"0.00068800"},{"symbol":"DGBBTC","price":"0.00000145"},{"symbol":"DGBBUSD","price":"0.01989000"},{"symbol":"BTCUAH","price":"387994.00000000"},{"symbol":"USDTUAH","price":"28.34400000"},{"symbol":"COMPBTC","price":"0.00671700"},{"symbol":"COMPBNB","price":"3.18600000"},{"symbol":"COMPBUSD","price":"92.22000000"},{"symbol":"COMPUSDT","price":"92.00000000"},{"symbol":"BTCBIDR","price":"200241289.00"},{"symbol":"ETHBIDR","price":"5658902.00"},{"symbol":"BNBBIDR","price":"420957.00"},{"symbol":"BUSDBIDR","price":"14608.00"},{"symbol":"USDTBIDR","price":"14614.00"},{"symbol":"BKRWUSDT","price":"0.00084530"},{"symbol":"BKRWBUSD","price":"0.00084550"},{"symbol":"SCUSDT","price":"0.00249600"},{"symbol":"ZENUSDT","price":"5.41000000"},{"symbol":"SXPBTC","price":"0.00006198"},{"symbol":"SXPBNB","price":"0.02953000"},{"symbol":"SXPBUSD","price":"0.85060000"},{"symbol":"SNXBTC","price":"0.00022680"},{"symbol":"SNXBNB","price":"0.10780000"},{"symbol":"SNXBUSD","price":"3.12300000"},{"symbol":"SNXUSDT","price":"3.11000000"},{"symbol":"ETHUPUSDT","price":"19.89900000"},{"symbol":"ETHDOWNUSDT","price":"1.67000000"},{"symbol":"ADAUPUSDT","price":"2.64700000"},{"symbol":"ADADOWNUSDT","price":"7.96600000"},{"symbol":"LINKUPUSDT","price":"9.38200000"},{"symbol":"LINKDOWNUSDT","price":"0.31100000"},{"symbol":"VTHOBNB","price":"0.00001960"},{"symbol":"VTHOBUSD","price":"0.00055800"},{"symbol":"VTHOUSDT","price":"0.00056000"},{"symbol":"DCRBUSD","price":"11.92500000"},{"symbol":"DGBUSDT","price":"0.01991000"},{"symbol":"GBPUSDT","price":"1.28750000"},{"symbol":"STORJBUSD","price":"0.32250000"},{"symbol":"SXPUSDT","price":"0.84900000"},{"symbol":"IRISBNB","price":"0.00175900"},{"symbol":"IRISBTC","price":"0.00000371"},{"symbol":"IRISBUSD","price":"0.05125000"},{"symbol":"MKRBNB","price":"18.13500000"},{"symbol":"MKRBTC","price":"0.03815400"},{"symbol":"MKRUSDT","price":"521.17000000"},{"symbol":"MKRBUSD","price":"523.62000000"},{"symbol":"DAIBNB","price":"0.04876000"},{"symbol":"DAIBTC","price":"0.00008966"},{"symbol":"DAIUSDT","price":"1.01890000"},{"symbol":"DAIBUSD","price":"1.01810000"},{"symbol":"RUNEBNB","price":"0.01390000"},{"symbol":"RUNEBTC","price":"0.00002924"},{"symbol":"RUNEBUSD","price":"0.40250000"},{"symbol":"MANABUSD","price":"0.06364000"},{"symbol":"DOGEBUSD","price":"0.00258900"},{"symbol":"LENDBUSD","price":"0.51530000"},{"symbol":"ZRXBUSD","price":"0.33080000"},{"symbol":"DCRUSDT","price":"12.19400000"},{"symbol":"STORJUSDT","price":"0.32210000"},{"symbol":"XRPBKRW","price":"270.96000000"},{"symbol":"ADABKRW","price":"105.94000000"},{"symbol":"BTCAUD","price":"19614.57000000"},{"symbol":"ETHAUD","price":"552.95000000"},{"symbol":"AUDBUSD","price":"0.69850000"},{"symbol":"FIOBNB","price":"0.00261000"},{"symbol":"FIOBTC","price":"0.00000548"},{"symbol":"FIOBUSD","price":"0.07510000"},{"symbol":"BNBUPUSDT","price":"18.75900000"},{"symbol":"BNBDOWNUSDT","price":"1.53500000"},{"symbol":"XTZUPUSDT","price":"2.09800000"},{"symbol":"XTZDOWNUSDT","price":"11.42500000"},{"symbol":"AVABNB","price":"0.02050000"},{"symbol":"AVABTC","price":"0.00004300"},{"symbol":"AVABUSD","price":"0.58780000"},{"symbol":"USDTBKRW","price":"1129.18000000"},{"symbol":"BUSDBKRW","price":"1128.40000000"},{"symbol":"IOTABUSD","price":"0.25930000"},{"symbol":"MANAUSDT","price":"0.06400000"},{"symbol":"XRPAUD","price":"0.34373000"},{"symbol":"BNBAUD","price":"41.30000000"},{"symbol":"AUDUSDT","price":"0.69801000"},{"symbol":"BALBNB","price":"0.36150000"},{"symbol":"BALBTC","price":"0.00074750"},{"symbol":"BALBUSD","price":"10.16100000"},{"symbol":"YFIBNB","price":"382.58000000"},{"symbol":"YFIBTC","price":"0.80753000"},{"symbol":"YFIBUSD","price":"11053.19000000"},{"symbol":"YFIUSDT","price":"11055.94000000"},{"symbol":"BLZBUSD","price":"0.06119000"},{"symbol":"KMDBUSD","price":"0.44560000"},{"symbol":"BALUSDT","price":"10.22100000"},{"symbol":"BLZUSDT","price":"0.06339000"},{"symbol":"IRISUSDT","price":"0.05098000"},{"symbol":"KMDUSDT","price":"0.44510000"},{"symbol":"BTCDAI","price":"13582.55000000"},{"symbol":"ETHDAI","price":"382.14000000"},{"symbol":"BNBDAI","price":"28.54800000"},{"symbol":"USDTDAI","price":"0.99160000"},{"symbol":"BUSDDAI","price":"0.99080000"},{"symbol":"JSTBNB","price":"0.00076800"},{"symbol":"JSTBTC","price":"0.00000162"},{"symbol":"JSTBUSD","price":"0.02210000"},{"symbol":"JSTUSDT","price":"0.02210000"},{"symbol":"SRMBNB","price":"0.03408300"},{"symbol":"SRMBTC","price":"0.00007202"},{"symbol":"SRMBUSD","price":"0.98390000"},{"symbol":"SRMUSDT","price":"0.98500000"},{"symbol":"ANTBNB","price":"0.10850000"},{"symbol":"ANTBTC","price":"0.00022760"},{"symbol":"ANTBUSD","price":"3.13020000"},{"symbol":"ANTUSDT","price":"3.12280000"},{"symbol":"CRVBNB","price":"0.01410000"},{"symbol":"CRVBTC","price":"0.00002960"},{"symbol":"CRVBUSD","price":"0.40700000"},{"symbol":"CRVUSDT","price":"0.40500000"},{"symbol":"SANDBNB","price":"0.00126420"},{"symbol":"SANDBTC","price":"0.00000266"},{"symbol":"SANDUSDT","price":"0.03663000"},{"symbol":"SANDBUSD","price":"0.03642500"},{"symbol":"OCEANBNB","price":"0.01598000"},{"symbol":"OCEANBTC","price":"0.00003362"},{"symbol":"OCEANBUSD","price":"0.46130000"},{"symbol":"OCEANUSDT","price":"0.46010000"},{"symbol":"NMRBNB","price":"0.86190000"},{"symbol":"NMRBTC","price":"0.00180700"},{"symbol":"NMRBUSD","price":"24.74600000"},{"symbol":"NMRUSDT","price":"24.77700000"},{"symbol":"DOTBNB","price":"0.14361000"},{"symbol":"DOTBTC","price":"0.00030209"},{"symbol":"DOTBUSD","price":"4.13790000"},{"symbol":"DOTUSDT","price":"4.13270000"},{"symbol":"LUNABNB","price":"0.01059000"},{"symbol":"LUNABTC","price":"0.00002229"},{"symbol":"LUNABUSD","price":"0.30520000"},{"symbol":"LUNAUSDT","price":"0.30550000"},{"symbol":"IDEXBTC","price":"0.00000335"},{"symbol":"IDEXBUSD","price":"0.04546000"},{"symbol":"RSRBNB","price":"0.00042100"},{"symbol":"RSRBTC","price":"0.00000088"},{"symbol":"RSRBUSD","price":"0.01218000"},{"symbol":"RSRUSDT","price":"0.01216000"},{"symbol":"PAXGBNB","price":"66.00000000"},{"symbol":"PAXGBTC","price":"0.13816000"},{"symbol":"PAXGBUSD","price":"1898.55000000"},{"symbol":"PAXGUSDT","price":"1896.92000000"},{"symbol":"WNXMBNB","price":"0.75100000"},{"symbol":"WNXMBTC","price":"0.00157800"},{"symbol":"WNXMBUSD","price":"21.48800000"},{"symbol":"WNXMUSDT","price":"21.53000000"},{"symbol":"TRBBNB","price":"0.76300000"},{"symbol":"TRBBTC","price":"0.00158800"},{"symbol":"TRBBUSD","price":"22.20600000"},{"symbol":"TRBUSDT","price":"21.73300000"},{"symbol":"ETHNGN","price":"179957.00000000"},{"symbol":"DOTBIDR","price":"59949.00"},{"symbol":"LINKAUD","price":"15.99800000"},{"symbol":"SXPAUD","price":"1.19000000"},{"symbol":"BZRXBNB","price":"0.00385000"},{"symbol":"BZRXBTC","price":"0.00000810"},{"symbol":"BZRXBUSD","price":"0.11100000"},{"symbol":"BZRXUSDT","price":"0.11100000"},{"symbol":"WBTCBTC","price":"1.00044000"},{"symbol":"WBTCETH","price":"35.42500000"},{"symbol":"SUSHIBNB","price":"0.02090000"},{"symbol":"SUSHIBTC","price":"0.00004390"},{"symbol":"SUSHIBUSD","price":"0.60100000"},{"symbol":"SUSHIUSDT","price":"0.60200000"},{"symbol":"YFIIBNB","price":"48.15000000"},{"symbol":"YFIIBTC","price":"0.10122000"},{"symbol":"YFIIBUSD","price":"1400.31000000"},{"symbol":"YFIIUSDT","price":"1386.92000000"},{"symbol":"KSMBNB","price":"1.05660000"},{"symbol":"KSMBTC","price":"0.00223000"},{"symbol":"KSMBUSD","price":"30.49900000"},{"symbol":"KSMUSDT","price":"30.53500000"},{"symbol":"EGLDBNB","price":"0.26350000"},{"symbol":"EGLDBTC","price":"0.00055500"},{"symbol":"EGLDBUSD","price":"7.60800000"},{"symbol":"EGLDUSDT","price":"7.60700000"},{"symbol":"DIABNB","price":"0.03980000"},{"symbol":"DIABTC","price":"0.00008370"},{"symbol":"DIABUSD","price":"1.15100000"},{"symbol":"DIAUSDT","price":"1.14800000"},{"symbol":"RUNEUSDT","price":"0.40110000"},{"symbol":"FIOUSDT","price":"0.07520000"},{"symbol":"UMABTC","price":"0.00050900"},{"symbol":"UMAUSDT","price":"6.98700000"},{"symbol":"EOSUPUSDT","price":"6.39900000"},{"symbol":"EOSDOWNUSDT","price":"11.11000000"},{"symbol":"TRXUPUSDT","price":"4.03300000"},{"symbol":"TRXDOWNUSDT","price":"14.33000000"},{"symbol":"XRPUPUSDT","price":"8.68000000"},{"symbol":"XRPDOWNUSDT","price":"10.18000000"},{"symbol":"DOTUPUSDT","price":"6.45200000"},{"symbol":"DOTDOWNUSDT","price":"5.37000000"},{"symbol":"SRMBIDR","price":"14630.00"},{"symbol":"ONEBIDR","price":"61.69"},{"symbol":"LINKTRY","price":"93.98100000"},{"symbol":"USDTNGN","price":"465.05000000"},{"symbol":"BELBNB","price":"0.02808000"},{"symbol":"BELBTC","price":"0.00005892"},{"symbol":"BELBUSD","price":"0.80710000"},{"symbol":"BELUSDT","price":"0.80790000"},{"symbol":"WINGBNB","price":"0.32290000"},{"symbol":"WINGBTC","price":"0.00067900"},{"symbol":"SWRVBNB","price":"0.01960000"},{"symbol":"SWRVBUSD","price":"0.56100000"},{"symbol":"WINGBUSD","price":"9.24600000"},{"symbol":"WINGUSDT","price":"9.29900000"},{"symbol":"LTCUPUSDT","price":"12.67100000"},{"symbol":"LTCDOWNUSDT","price":"5.77500000"},{"symbol":"LENDBKRW","price":"579.46000000"},{"symbol":"SXPEUR","price":"0.73100000"},{"symbol":"CREAMBNB","price":"1.41000000"},{"symbol":"CREAMBUSD","price":"40.88900000"},{"symbol":"UNIBNB","price":"0.08226000"},{"symbol":"UNIBTC","price":"0.00017310"},{"symbol":"UNIBUSD","price":"2.37190000"},{"symbol":"UNIUSDT","price":"2.37220000"},{"symbol":"NBSBTC","price":"0.00000036"},{"symbol":"NBSUSDT","price":"0.00497000"},{"symbol":"OXTBTC","price":"0.00001538"},{"symbol":"OXTUSDT","price":"0.21040000"},{"symbol":"SUNBTC","price":"0.00067900"},{"symbol":"SUNUSDT","price":"9.29600000"},{"symbol":"AVAXBNB","price":"0.12835000"},{"symbol":"AVAXBTC","price":"0.00026778"},{"symbol":"AVAXBUSD","price":"3.67730000"},{"symbol":"AVAXUSDT","price":"3.67480000"},{"symbol":"HNTBTC","price":"0.00006070"},{"symbol":"HNTUSDT","price":"0.83500000"},{"symbol":"BAKEBNB","price":"0.00050600"},{"symbol":"BURGERBNB","price":"0.01520000"},{"symbol":"SXPBIDR","price":"12500.00"},{"symbol":"LINKBKRW","price":"12550.21000000"},{"symbol":"FLMBNB","price":"0.00552000"},{"symbol":"FLMBTC","price":"0.00001162"},{"symbol":"FLMBUSD","price":"0.15820000"},{"symbol":"FLMUSDT","price":"0.15900000"},{"symbol":"SCRTBTC","price":"0.00002252"},{"symbol":"SCRTETH","price":"0.00079700"},{"symbol":"CAKEBNB","price":"0.01371000"},{"symbol":"CAKEBUSD","price":"0.39410000"},{"symbol":"SPARTABNB","price":"0.00129800"},{"symbol":"UNIUPUSDT","price":"2.89900000"},{"symbol":"UNIDOWNUSDT","price":"16.56900000"},{"symbol":"ORNBTC","price":"0.00010810"},{"symbol":"ORNUSDT","price":"1.48160000"},{"symbol":"TRXNGN","price":"11.94000000"},{"symbol":"SXPTRY","price":"7.05900000"},{"symbol":"UTKBTC","price":"0.00000653"},{"symbol":"UTKUSDT","price":"0.08960000"},{"symbol":"XVSBNB","price":"0.09730000"},{"symbol":"XVSBTC","price":"0.00020510"},{"symbol":"XVSBUSD","price":"2.80600000"},{"symbol":"XVSUSDT","price":"2.80400000"},{"symbol":"ALPHABNB","price":"0.00098330"},{"symbol":"ALPHABTC","price":"0.00000207"},{"symbol":"ALPHABUSD","price":"0.02833000"},{"symbol":"ALPHAUSDT","price":"0.02851000"},{"symbol":"VIDTBTC","price":"0.00002661"},{"symbol":"VIDTBUSD","price":"0.36360000"},{"symbol":"AAVEBNB","price":"1.13560000"},{"symbol":"BTCBRL","price":"79714.00000000"},{"symbol":"USDTBRL","price":"5.82100000"},{"symbol":"AAVEBTC","price":"0.00237900"},{"symbol":"AAVEETH","price":"0.08491000"},{"symbol":"AAVEBUSD","price":"32.50100000"},{"symbol":"AAVEUSDT","price":"32.64100000"},{"symbol":"AAVEBKRW","price":"37019.00000000"},{"symbol":"NEARBNB","price":"0.02226000"},{"symbol":"NEARBTC","price":"0.00004680"},{"symbol":"NEARBUSD","price":"0.64030000"},{"symbol":"NEARUSDT","price":"0.64160000"},{"symbol":"SXPUPUSDT","price":"2.75000000"},{"symbol":"SXPDOWNUSDT","price":"12.29300000"},{"symbol":"DOTBKRW","price":"4593.32000000"},{"symbol":"SXPGBP","price":"0.65980000"},{"symbol":"FILBNB","price":"1.02596000"},{"symbol":"FILBTC","price":"0.00215550"},{"symbol":"FILBUSD","price":"29.62770000"},{"symbol":"FILUSDT","price":"29.55480000"},{"symbol":"FILUPUSDT","price":"12.36500000"},{"symbol":"FILDOWNUSDT","price":"2.21400000"},{"symbol":"YFIUPUSDT","price":"6.39000000"},{"symbol":"YFIDOWNUSDT","price":"13.30600000"},{"symbol":"INJBNB","price":"0.02635000"},{"symbol":"INJBTC","price":"0.00005547"},{"symbol":"INJBUSD","price":"0.76000000"},{"symbol":"INJUSDT","price":"0.75980000"},{"symbol":"AERGOBTC","price":"0.00000306"},{"symbol":"AERGOBUSD","price":"0.04195000"},{"symbol":"LINKEUR","price":"9.61300000"},{"symbol":"ONEBUSD","price":"0.00416000"},{"symbol":"EASYETH","price":"0.01678200"},{"symbol":"AUDIOBTC","price":"0.00000834"},{"symbol":"AUDIOBUSD","price":"0.11370000"},{"symbol":"AUDIOUSDT","price":"0.11421000"},{"symbol":"CTKBNB","price":"0.03167000"},{"symbol":"CTKBTC","price":"0.00006663"},{"symbol":"CTKBUSD","price":"0.91350000"},{"symbol":"CTKUSDT","price":"0.91210000"},{"symbol":"BCHUPUSDT","price":"9.67500000"},{"symbol":"BCHDOWNUSDT","price":"10.26800000"},{"symbol":"BOTBTC","price":"0.02662000"},{"symbol":"BOTBUSD","price":"363.00000000"},{"symbol":"ETHBRL","price":"2239.41000000"},{"symbol":"DOTEUR","price":"3.55600000"}]